{
	"ret":1,
	"groupData":[
		{
			"groupNum":1,
			"member":[
				{
					"name":"李明",
					"groupNum":1,
					"cardID":"2138530311",
					"seat":2,
					"isShowAddTip":false,
					"isShowDecTip":false
				},
				{
					"name":"白小白",
					"groupNum":1,
					"cardID":"2138072263",
					"seat":4,
					"isShowAddTip":false,
					"isShowDecTip":false
				},
				{
					"name":"王鹏",
					"groupNum":1,
					"cardID":"1235252535",
					"seat":1,
					"isShowAddTip":false,
					"isShowDecTip":false
				},
				{
					"name":"陈亮",
					"groupNum":1,
					"cardID":"1235252532",
					"seat":3,
					"isShowAddTip":false,
					"isShowDecTip":false
				}			
			]
		},
		{
			"groupNum":2,
			"member":[
				{
					"name":"李明",
					"groupNum":2,
					"cardID":"2138510311",
					"seat":2,
					"isShowAddTip":false,
					"isShowDecTip":false
				},
				{
					"name":"白小白",
					"groupNum":2,
					"cardID":"2138022263",
					"seat":4,
					"isShowAddTip":false,
					"isShowDecTip":false
				},
				{
					"name":"王鹏",
					"groupNum":2,
					"cardID":"1235352535",
					"seat":1,
					"isShowAddTip":false,
					"isShowDecTip":false
				},
				{
					"name":"陈亮",
					"groupNum":2,
					"cardID":"1235452532",
					"seat":3,
					"isShowAddTip":false,
					"isShowDecTip":false
				}			
			]
		},
		{
			"groupNum":3,
			"member":[
				{
					"name":"李明",
					"groupNum":3,
					"cardID":"2238530311",
					"seat":2,
					"isShowAddTip":false,
					"isShowDecTip":false
				},
				{
					"name":"白小白",
					"groupNum":3,
					"cardID":"2338072263",
					"seat":4,
					"isShowAddTip":false,
					"isShowDecTip":false
				},
				{
					"name":"王鹏",
					"groupNum":3,
					"cardID":"1235252535",
					"seat":1,
					"isShowAddTip":false,
					"isShowDecTip":false
				},
				{
					"name":"陈亮",
					"groupNum":3,
					"cardID":"1245252532",
					"seat":3,
					"isShowAddTip":false,
					"isShowDecTip":false
				}			
			]
		},
		{
			"groupNum":4,
			"member":[
				{
					"name":"李明",
					"groupNum":4,
					"cardID":"2138630311",
					"seat":2,
					"isShowAddTip":false,
					"isShowDecTip":false
				},
				{
					"name":"白小白",
					"groupNum":4,
					"cardID":"2138772263",
					"seat":4,
					"isShowAddTip":false,
					"isShowDecTip":false
				},
				{
					"name":"王鹏",
					"groupNum":4,
					"cardID":"1235852535",
					"seat":1,
					"isShowAddTip":false,
					"isShowDecTip":false
				},
				{
					"name":"陈亮",
					"groupNum":4,
					"cardID":"1235259532",
					"seat":3,
					"isShowAddTip":false,
					"isShowDecTip":false
				}			
			]
		},
		{
			"groupNum":2,
			"member":[
				{
					"name":"李明",
					"groupNum":2,
					"cardID":"2138510311",
					"seat":2,
					"isShowAddTip":false,
					"isShowDecTip":false
				},
				{
					"name":"白小白",
					"groupNum":2,
					"cardID":"2138022263",
					"seat":4,
					"isShowAddTip":false,
					"isShowDecTip":false
				},
				{
					"name":"王鹏",
					"groupNum":2,
					"cardID":"1235352535",
					"seat":1,
					"isShowAddTip":false,
					"isShowDecTip":false
				},
				{
					"name":"陈亮",
					"groupNum":2,
					"cardID":"1235452532",
					"seat":3,
					"isShowAddTip":false,
					"isShowDecTip":false
				}			
			]
		},
		{
			"groupNum":2,
			"member":[
				{
					"name":"李明",
					"groupNum":2,
					"cardID":"2138510311",
					"seat":2,
					"isShowAddTip":false,
					"isShowDecTip":false
				},
				{
					"name":"白小白",
					"groupNum":2,
					"cardID":"2138022263",
					"seat":4,
					"isShowAddTip":false,
					"isShowDecTip":false
				},
				{
					"name":"王鹏",
					"groupNum":2,
					"cardID":"1235352535",
					"seat":1,
					"isShowAddTip":false,
					"isShowDecTip":false
				},
				{
					"name":"陈亮",
					"groupNum":2,
					"cardID":"1235452532",
					"seat":3,
					"isShowAddTip":false,
					"isShowDecTip":false
				}			
			]
		}	
	],
	"mulTopic":[
		{
			"creatTime":"2017-04-06",
			"abstract":"专题3.1 师生之间-学医试题君只K2017-2018，专题3.1 师生之间-学医试题君只K2017-2018...",
			"num":4,
			"iDs":[23,45,12,35]
		},
		{
			"creatTime":"2017-03-36",
			"abstract":"专题3.1 师生之间-学医试题君只K2017-2018，专题3.1 师生之间-学医试题君只K2017-2018...",
			"num":3,
			"iDs":[23,45,12]
		},
		{
			"creatTime":"2017-12-03",
			"abstract":"专题3.1 师生之间-学医试题君只K2017-2018，专题3.1 师生之间-学医试题君只K2017-2018...",
			"num":4,
			"iDs":[23,45,12,35]
		},
		{
			"creatTime":"2017-12-03",
			"abstract":"专题3.1 师生之间-学医试题君只K2017-2018，专题3.1 师生之间-学医试题君只K2017-2018...",
			"num":4,
			"iDs":[23,45,12,35]
		},
		{
			"creatTime":"2017-12-03",
			"abstract":"专题3.1 师生之间-学医试题君只K2017-2018，专题3.1 师生之间-学医试题君只K2017-2018...",
			"num":4,
			"iDs":[23,45,12,35]
		},
		{
			"creatTime":"2017-12-03",
			"abstract":"专题3.1 师生之间-学医试题君只K2017-2018，专题3.1 师生之间-学医试题君只K2017-2018...",
			"num":4,
			"iDs":[23,45,12,35]
		}
	],
	"dataId":[10,11,12,13,14],
	"topicData":[
		{
			"content":"我是第1题单选题的题干",
			"topicAnswer":"A",
			"topicType":"0",                    
			"parse":"我是第1题的解析"
		},
		{
			"body":"我是第2题多选题的题干",
			"answer":"AB",
			"type":"1",                    
			"analysis":"我是第2题的解析"
		},
		{
			"content":"我是第3题判断题的题干",
			"topicAnswer":"R",
			"topicType":"2",                    
			"parse":"我是第3题的解析"
		},
		{
			"content":"我是第4题单选题的题干",
			"topicAnswer":"A",
			"topicType":"0",                   
			"parse":"我是第4题的解析"
		}
	],
	"msg":"success"
}
